{
    "cameras": {
        "camCount": 2,
        "cams": [
            {
                "fov": 0.7853981852531433,
                "pitch": 1.8400001525878906,
                "pos": [
                    0.0,
                    1.9993162155151367,
                    9.998852729797363
                ],
                "yaw": 90.08001708984375
            },
            {
                "fov": 0.7853981852531433,
                "pitch": 0.0,
                "pos": [
                    0.0,
                    0.0,
                    2.0
                ],
                "yaw": 90.0
            },
            {
                "fov": 1.0471975803375244,
                "pitch": 0.0,
                "pos": [
                    -0.3334617614746094,
                    2.0,
                    10.0
                ],
                "yaw": 90.0
            },
            {
                "fov": 1.0471975803375244,
                "pitch": 0.0,
                "pos": [
                    0.3313446044921875,
                    2.0,
                    10.0
                ],
                "yaw": 90.0
            }
        ]
    },
    "lightPos": [
        0.0,
        12.0,
        7.0
    ],
    "resolution": [
        1200,
        800
    ],
    "scene": {
        "scale": 1.0,
        "scene": 1
    }
}